magnet_hole_diameter,magnet_outer_diameter,magnet_length,cap_length,tube_outer_diameter,coil_outer_diameter,coil_length,magnetics_outer_diameter,magnetics_length,force
2.54,6.45,6.35,0,9.524999999999999,10.525,0.1,20.525,19.05,-0.00761984114474886
2.54,6.45,6.35,0,9.524999999999999,10.525,1.1,20.525,19.05,0.05560422065771964
2.54,6.45,6.35,0,9.524999999999999,10.525,2.1,20.525,19.05,0.06923690523728608
2.54,6.45,6.35,0,9.524999999999999,10.525,3.1,20.525,19.05,0.1286207792863073
2.54,6.45,6.35,0,9.524999999999999,10.525,4.1,20.525,19.05,0.1775255335109148
2.54,6.45,6.35,0,9.524999999999999,10.525,5.1,20.525,19.05,0.2037999651111858
2.54,6.45,6.35,0,9.524999999999999,10.525,6.1,20.525,19.05,0.2111018160716772
2.54,6.45,6.35,0,9.524999999999999,12.525,0.1,22.525,19.05,0.007534574809161533
2.54,6.45,6.35,0,9.524999999999999,12.525,1.1,22.525,19.05,0.1170704762649848
2.54,6.45,6.35,0,9.524999999999999,12.525,2.1,22.525,19.05,0.2529620391872937
2.54,6.45,6.35,0,9.524999999999999,12.525,3.1,22.525,19.05,0.3328021529086079
2.54,6.45,6.35,0,9.524999999999999,12.525,4.1,22.525,19.05,0.4055612146851103
2.54,6.45,6.35,0,9.524999999999999,12.525,5.1,22.525,19.05,0.4686830755529922
2.54,6.45,6.35,0,9.524999999999999,12.525,6.1,22.525,19.05,0.5114532244828258
2.54,6.45,6.35,0,9.524999999999999,14.525,0.1,24.525,19.05,0.05163590160913256
2.54,6.45,6.35,0,9.524999999999999,14.525,1.1,24.525,19.05,0.1817384328182518
2.54,6.45,6.35,0,9.524999999999999,14.525,2.1,24.525,19.05,0.3374865315074395
2.54,6.45,6.35,0,9.524999999999999,14.525,3.1,24.525,19.05,0.4203627029549388
2.54,6.45,6.35,0,9.524999999999999,14.525,4.1,24.525,19.05,0.5729417730936626
2.54,6.45,6.35,0,9.524999999999999,14.525,5.1,24.525,19.05,0.6680499134225365
2.54,6.45,6.35,0,9.524999999999999,14.525,6.1,24.525,19.05,0.7097962490186905
2.54,6.45,6.35,0,9.524999999999999,16.525,0.1,26.525,19.05,0.008345845230260121
2.54,6.45,6.35,0,9.524999999999999,16.525,1.1,26.525,19.05,0.2150234278149218
2.54,6.45,6.35,0,9.524999999999999,16.525,2.1,26.525,19.05,0.3497435451383347
2.54,6.45,6.35,0,9.524999999999999,16.525,3.1,26.525,19.05,0.5377033100371167
2.54,6.45,6.35,0,9.524999999999999,16.525,4.1,26.525,19.05,0.6400521726267963
2.54,6.45,6.35,0,9.524999999999999,16.525,5.1,26.525,19.05,0.7808334054996839
2.54,6.45,6.35,0,9.524999999999999,16.525,6.1,26.525,19.05,0.8771018951666781
2.54,6.45,6.35,0,9.524999999999999,18.525,0.1,28.525,19.05,0.02695683225570855
2.54,6.45,6.35,0,9.524999999999999,18.525,1.1,28.525,19.05,0.2142715048570111
2.54,6.45,6.35,0,9.524999999999999,18.525,2.1,28.525,19.05,0.4155062695060434
2.54,6.45,6.35,0,9.524999999999999,18.525,3.1,28.525,19.05,0.6106511081144734
2.54,6.45,6.35,0,9.524999999999999,18.525,4.1,28.525,19.05,0.7325321875804745
2.54,6.45,6.35,0,9.524999999999999,18.525,5.1,28.525,19.05,0.8719222477790192
2.54,6.45,6.35,0,9.524999999999999,18.525,6.1,28.525,19.05,0.9452036921099166
2.54,6.45,6.35,0,9.524999999999999,20.525,0.1,30.525,19.05,0.02775058804523333
2.54,6.45,6.35,0,9.524999999999999,20.525,1.1,30.525,19.05,0.243508039482775
2.54,6.45,6.35,0,9.524999999999999,20.525,2.1,30.525,19.05,0.4493896539946053
2.54,6.45,6.35,0,9.524999999999999,20.525,3.1,30.525,19.05,0.6337969670742162
2.54,6.45,6.35,0,9.524999999999999,20.525,4.1,30.525,19.05,0.8044713038782029
2.54,6.45,6.35,0,9.524999999999999,20.525,5.1,30.525,19.05,0.9539298768966594
2.54,6.45,6.35,0,9.524999999999999,20.525,6.1,30.525,19.05,1.052174811075308
2.54,6.45,6.35,0,9.524999999999999,22.525,0.1,32.525,19.05,0.04175691754647205
2.54,6.45,6.35,0,9.524999999999999,22.525,1.1,32.525,19.05,0.2584082501651733
2.54,6.45,6.35,0,9.524999999999999,22.525,2.1,32.525,19.05,0.4957425905165976
2.54,6.45,6.35,0,9.524999999999999,22.525,3.1,32.525,19.05,0.666532841510221
2.54,6.45,6.35,0,9.524999999999999,22.525,4.1,32.525,19.05,0.8158351889853569
2.54,6.45,6.35,0,9.524999999999999,22.525,5.1,32.525,19.05,0.9732385852256056
2.54,6.45,6.35,0,9.524999999999999,22.525,6.1,32.525,19.05,1.102603029649595
2.54,6.45,6.35,0,9.524999999999999,24.525,0.1,34.525,19.05,0.03844774346095489
2.54,6.45,6.35,0,9.524999999999999,24.525,1.1,34.525,19.05,0.2380524615343893
2.54,6.45,6.35,0,9.524999999999999,24.525,2.1,34.525,19.05,0.4727496496379047
2.54,6.45,6.35,0,9.524999999999999,24.525,3.1,34.525,19.05,0.701188734906783
2.54,6.45,6.35,0,9.524999999999999,24.525,4.1,34.525,19.05,0.863230110628527
2.54,6.45,6.35,0,9.524999999999999,24.525,5.1,34.525,19.05,1.033143216076566
2.54,6.45,6.35,0,9.524999999999999,24.525,6.1,34.525,19.05,1.165913825430652
2.54,6.45,6.35,0,9.524999999999999,26.525,0.1,36.525,19.05,0.03192816465107058
2.54,6.45,6.35,0,9.524999999999999,26.525,1.1,36.525,19.05,0.2819200235174343
2.54,6.45,6.35,0,9.524999999999999,26.525,2.1,36.525,19.05,0.4671114692240985
2.54,6.45,6.35,0,9.524999999999999,26.525,3.1,36.525,19.05,0.7131803797015401
2.54,6.45,6.35,0,9.524999999999999,26.525,4.1,36.525,19.05,0.8858786353560767
2.54,6.45,6.35,0,9.524999999999999,26.525,5.1,36.525,19.05,1.038096637931816
2.54,6.45,6.35,0,9.524999999999999,26.525,6.1,36.525,19.05,1.148638908373255
2.54,6.45,6.35,0,9.524999999999999,28.525,0.1,38.525,19.05,0.009252096891308849
2.54,6.45,6.35,0,9.524999999999999,28.525,1.1,38.525,19.05,0.3042640010331681
2.54,6.45,6.35,0,9.524999999999999,28.525,2.1,38.525,19.05,0.4772963148281232
2.54,6.45,6.35,0,9.524999999999999,28.525,3.1,38.525,19.05,0.7106336843845805
2.54,6.45,6.35,0,9.524999999999999,28.525,4.1,38.525,19.05,0.9024890608509415
2.54,6.45,6.35,0,9.524999999999999,28.525,5.1,38.525,19.05,1.087679845625674
2.54,6.45,6.35,0,9.524999999999999,28.525,6.1,38.525,19.05,1.208956182200748
2.54,6.45,6.35,0,9.524999999999999,30.525,0.1,40.525,19.05,0.02312250967840715
2.54,6.45,6.35,0,9.524999999999999,30.525,1.1,40.525,19.05,0.2169033715895254
2.54,6.45,6.35,0,9.524999999999999,30.525,2.1,40.525,19.05,0.5233262739726742
2.54,6.45,6.35,0,9.524999999999999,30.525,3.1,40.525,19.05,0.7056946788610131
2.54,6.45,6.35,0,9.524999999999999,30.525,4.1,40.525,19.05,0.9659054547197564
2.54,6.45,6.35,0,9.524999999999999,30.525,5.1,40.525,19.05,1.083076891702224
2.54,6.45,6.35,0,9.524999999999999,30.525,6.1,40.525,19.05,1.24732203675812
2.54,6.45,6.35,1,9.524999999999999,10.525,1.1,20.525,25.05,0.05864088675140554
2.54,6.45,6.35,1,9.524999999999999,10.525,2.1,20.525,25.05,0.1168324726568608
2.54,6.45,6.35,1,9.524999999999999,10.525,3.1,20.525,25.05,0.1836155579898136
2.54,6.45,6.35,1,9.524999999999999,10.525,4.1,20.525,25.05,0.201000520488104
2.54,6.45,6.35,1,9.524999999999999,10.525,5.1,20.525,25.05,0.2211476347357038
2.54,6.45,6.35,1,9.524999999999999,10.525,6.1,20.525,25.05,0.2126513925255208
2.54,6.45,6.35,1,9.524999999999999,10.525,7.1,20.525,25.05,0.2401380994055291
2.54,6.45,6.35,1,9.524999999999999,12.525,1.1,22.525,25.05,0.1410005638061465
2.54,6.45,6.35,1,9.524999999999999,12.525,2.1,22.525,25.05,0.269563791619049
2.54,6.45,6.35,1,9.524999999999999,12.525,3.1,22.525,25.05,0.364238908641358
2.54,6.45,6.35,1,9.524999999999999,12.525,4.1,22.525,25.05,0.4432842815736452
2.54,6.45,6.35,1,9.524999999999999,12.525,5.1,22.525,25.05,0.5225011170496406
2.54,6.45,6.35,1,9.524999999999999,12.525,6.1,22.525,25.05,0.5704095129794469
2.54,6.45,6.35,1,9.524999999999999,12.525,7.1,22.525,25.05,0.6305946626018159
2.54,6.45,6.35,1,9.524999999999999,14.525,1.1,24.525,25.05,0.1791986666640885
2.54,6.45,6.35,1,9.524999999999999,14.525,2.1,24.525,25.05,0.3572864161286375
2.54,6.45,6.35,1,9.524999999999999,14.525,3.1,24.525,25.05,0.508938500199321
2.54,6.45,6.35,1,9.524999999999999,14.525,4.1,24.525,25.05,0.6440246344748067
2.54,6.45,6.35,1,9.524999999999999,14.525,5.1,24.525,25.05,0.7269672985240979
2.54,6.45,6.35,1,9.524999999999999,14.525,6.1,24.525,25.05,0.7999477315928648
2.54,6.45,6.35,1,9.524999999999999,14.525,7.1,24.525,25.05,0.8726456187038008
2.54,6.45,6.35,1,9.524999999999999,16.525,1.1,26.525,25.05,0.2454777761728132
2.54,6.45,6.35,1,9.524999999999999,16.525,2.1,26.525,25.05,0.4298552324627371
2.54,6.45,6.35,1,9.524999999999999,16.525,3.1,26.525,25.05,0.6108632717536109
2.54,6.45,6.35,1,9.524999999999999,16.525,4.1,26.525,25.05,0.7486216568140254
2.54,6.45,6.35,1,9.524999999999999,16.525,5.1,26.525,25.05,0.8889834827606724
2.54,6.45,6.35,1,9.524999999999999,16.525,6.1,26.525,25.05,1.009729606399781
2.54,6.45,6.35,1,9.524999999999999,16.525,7.1,26.525,25.05,1.06210671829971
2.54,6.45,6.35,1,9.524999999999999,18.525,1.1,28.525,25.05,0.2609173264324071
2.54,6.45,6.35,1,9.524999999999999,18.525,2.1,28.525,25.05,0.4709783419299093
2.54,6.45,6.35,1,9.524999999999999,18.525,3.1,28.525,25.05,0.6732715140076115
2.54,6.45,6.35,1,9.524999999999999,18.525,4.1,28.525,25.05,0.8661766837266578
2.54,6.45,6.35,1,9.524999999999999,18.525,5.1,28.525,25.05,1.009347013310735
2.54,6.45,6.35,1,9.524999999999999,18.525,6.1,28.525,25.05,1.146890140252737
2.54,6.45,6.35,1,9.524999999999999,18.525,7.1,28.525,25.05,1.239351823784924
2.54,6.45,6.35,1,9.524999999999999,20.525,1.1,30.525,25.05,0.2628777824121121
2.54,6.45,6.35,1,9.524999999999999,20.525,2.1,30.525,25.05,0.5263201460542721
2.54,6.45,6.35,1,9.524999999999999,20.525,3.1,30.525,25.05,0.7558844633636646
2.54,6.45,6.35,1,9.524999999999999,20.525,4.1,30.525,25.05,0.9178063323544276
2.54,6.45,6.35,1,9.524999999999999,20.525,5.1,30.525,25.05,1.093564132368218
2.54,6.45,6.35,1,9.524999999999999,20.525,6.1,30.525,25.05,1.229752033047223
2.54,6.45,6.35,1,9.524999999999999,20.525,7.1,30.525,25.05,1.327549414150807
2.54,6.45,6.35,1,9.524999999999999,22.525,1.1,32.525,25.05,0.3154205735321608
2.54,6.45,6.35,1,9.524999999999999,22.525,2.1,32.525,25.05,0.5466974164083557
2.54,6.45,6.35,1,9.524999999999999,22.525,3.1,32.525,25.05,0.79695604054278
2.54,6.45,6.35,1,9.524999999999999,22.525,4.1,32.525,25.05,0.9783999593507221
2.54,6.45,6.35,1,9.524999999999999,22.525,5.1,32.525,25.05,1.143307074281095
2.54,6.45,6.35,1,9.524999999999999,22.525,6.1,32.525,25.05,1.295101556394742
2.54,6.45,6.35,1,9.524999999999999,22.525,7.1,32.525,25.05,1.38398833791414
2.54,6.45,6.35,1,9.524999999999999,24.525,1.1,34.525,25.05,0.2704192318863025
2.54,6.45,6.35,1,9.524999999999999,24.525,2.1,34.525,25.05,0.5700857995042543
2.54,6.45,6.35,1,9.524999999999999,24.525,3.1,34.525,25.05,0.7974007463462483
2.54,6.45,6.35,1,9.524999999999999,24.525,4.1,34.525,25.05,1.018237583070388
2.54,6.45,6.35,1,9.524999999999999,24.525,5.1,34.525,25.05,1.21444706977938
2.54,6.45,6.35,1,9.524999999999999,24.525,6.1,34.525,25.05,1.369278406853142
2.54,6.45,6.35,1,9.524999999999999,24.525,7.1,34.525,25.05,1.480609142160544
2.54,6.45,6.35,1,9.524999999999999,26.525,1.1,36.525,25.05,0.3505270769274139
2.54,6.45,6.35,1,9.524999999999999,26.525,2.1,36.525,25.05,0.5957417678554604
2.54,6.45,6.35,1,9.524999999999999,26.525,3.1,36.525,25.05,0.8065514619759697
2.54,6.45,6.35,1,9.524999999999999,26.525,4.1,36.525,25.05,1.053253237490155
2.54,6.45,6.35,1,9.524999999999999,26.525,5.1,36.525,25.05,1.258160497378663
2.54,6.45,6.35,1,9.524999999999999,26.525,6.1,36.525,25.05,1.394860428507896
2.54,6.45,6.35,1,9.524999999999999,26.525,7.1,36.525,25.05,1.522194677734279
2.54,6.45,6.35,1,9.524999999999999,28.525,1.1,38.525,25.05,0.302446819562302
2.54,6.45,6.35,1,9.524999999999999,28.525,2.1,38.525,25.05,0.6180495268185192
2.54,6.45,6.35,1,9.524999999999999,28.525,3.1,38.525,25.05,0.8467430054297648
2.54,6.45,6.35,1,9.524999999999999,28.525,4.1,38.525,25.05,1.097162067857395
2.54,6.45,6.35,1,9.524999999999999,28.525,5.1,38.525,25.05,1.286299315852871
2.54,6.45,6.35,1,9.524999999999999,28.525,6.1,38.525,25.05,1.448462362400371
2.54,6.45,6.35,1,9.524999999999999,28.525,7.1,38.525,25.05,1.582152023822168
2.54,6.45,6.35,1,9.524999999999999,30.525,1.1,40.525,25.05,0.3298186301525046
2.54,6.45,6.35,1,9.524999999999999,30.525,2.1,40.525,25.05,0.5993815253826637
2.54,6.45,6.35,1,9.524999999999999,30.525,3.1,40.525,25.05,0.8858563493635505
2.54,6.45,6.35,1,9.524999999999999,30.525,4.1,40.525,25.05,1.123149422885969
2.54,6.45,6.35,1,9.524999999999999,30.525,5.1,40.525,25.05,1.319589902480949
2.54,6.45,6.35,1,9.524999999999999,30.525,6.1,40.525,25.05,1.462421097122223
2.54,6.45,6.35,1,9.524999999999999,30.525,7.1,40.525,25.05,1.627252949682838
2.54,6.45,6.35,2,9.524999999999999,10.525,2.1,20.525,31.05,0.1107144688819696
2.54,6.45,6.35,2,9.524999999999999,10.525,3.1,20.525,31.05,0.1496449125479434
2.54,6.45,6.35,2,9.524999999999999,10.525,4.1,20.525,31.05,0.1938069882549416
2.54,6.45,6.35,2,9.524999999999999,10.525,5.1,20.525,31.05,0.2125399589245809
2.54,6.45,6.35,2,9.524999999999999,10.525,6.1,20.525,31.05,0.2332192886334517
2.54,6.45,6.35,2,9.524999999999999,10.525,7.1,20.525,31.05,0.2752796786730117
2.54,6.45,6.35,2,9.524999999999999,10.525,8.1,20.525,31.05,0.2793158962207034
2.54,6.45,6.35,2,9.524999999999999,12.525,2.1,22.525,31.05,0.2765102537927334
2.54,6.45,6.35,2,9.524999999999999,12.525,3.1,22.525,31.05,0.3672317310123245
2.54,6.45,6.35,2,9.524999999999999,12.525,4.1,22.525,31.05,0.4602098932961165
2.54,6.45,6.35,2,9.524999999999999,12.525,5.1,22.525,31.05,0.5515553228334393
2.54,6.45,6.35,2,9.524999999999999,12.525,6.1,22.525,31.05,0.6091053628083447
2.54,6.45,6.35,2,9.524999999999999,12.525,7.1,22.525,31.05,0.6485929513368502
2.54,6.45,6.35,2,9.524999999999999,12.525,8.1,22.525,31.05,0.6931419525229058
2.54,6.45,6.35,2,9.524999999999999,14.525,2.1,24.525,31.05,0.3864296212320678
2.54,6.45,6.35,2,9.524999999999999,14.525,3.1,24.525,31.05,0.5207106474953657
2.54,6.45,6.35,2,9.524999999999999,14.525,4.1,24.525,31.05,0.6526599962411799
2.54,6.45,6.35,2,9.524999999999999,14.525,5.1,24.525,31.05,0.7705161065744327
2.54,6.45,6.35,2,9.524999999999999,14.525,6.1,24.525,31.05,0.8869298237838345
2.54,6.45,6.35,2,9.524999999999999,14.525,7.1,24.525,31.05,0.9373176629650364
2.54,6.45,6.35,2,9.524999999999999,14.525,8.1,24.525,31.05,1.001346208184032
2.54,6.45,6.35,2,9.524999999999999,16.525,2.1,26.525,31.05,0.4638074583724052
2.54,6.45,6.35,2,9.524999999999999,16.525,3.1,26.525,31.05,0.6460339996512127
2.54,6.45,6.35,2,9.524999999999999,16.525,4.1,26.525,31.05,0.8099914399851925
2.54,6.45,6.35,2,9.524999999999999,16.525,5.1,26.525,31.05,0.9510663695279036
2.54,6.45,6.35,2,9.524999999999999,16.525,6.1,26.525,31.05,1.06070273950799
2.54,6.45,6.35,2,9.524999999999999,16.525,7.1,26.525,31.05,1.162072946309491
2.54,6.45,6.35,2,9.524999999999999,16.525,8.1,26.525,31.05,1.234909434111794
2.54,6.45,6.35,2,9.524999999999999,18.525,2.1,28.525,31.05,0.4866507158337456
2.54,6.45,6.35,2,9.524999999999999,18.525,3.1,28.525,31.05,0.7191399050038845
2.54,6.45,6.35,2,9.524999999999999,18.525,4.1,28.525,31.05,0.90566530338229
2.54,6.45,6.35,2,9.524999999999999,18.525,5.1,28.525,31.05,1.076789890449217
2.54,6.45,6.35,2,9.524999999999999,18.525,6.1,28.525,31.05,1.201858694836992
2.54,6.45,6.35,2,9.524999999999999,18.525,7.1,28.525,31.05,1.312008071901684
2.54,6.45,6.35,2,9.524999999999999,18.525,8.1,28.525,31.05,1.398341708262966
2.54,6.45,6.35,2,9.524999999999999,20.525,2.1,30.525,31.05,0.5415885973272668
2.54,6.45,6.35,2,9.524999999999999,20.525,3.1,30.525,31.05,0.7814517898663805
2.54,6.45,6.35,2,9.524999999999999,20.525,4.1,30.525,31.05,0.9840980447171887
2.54,6.45,6.35,2,9.524999999999999,20.525,5.1,30.525,31.05,1.157265337372104
2.54,6.45,6.35,2,9.524999999999999,20.525,6.1,30.525,31.05,1.336566107128659
2.54,6.45,6.35,2,9.524999999999999,20.525,7.1,30.525,31.05,1.44587761356832
2.54,6.45,6.35,2,9.524999999999999,20.525,8.1,30.525,31.05,1.548637540968638
2.54,6.45,6.35,2,9.524999999999999,22.525,2.1,32.525,31.05,0.5587175053601802
2.54,6.45,6.35,2,9.524999999999999,22.525,3.1,32.525,31.05,0.8293014104837242
2.54,6.45,6.35,2,9.524999999999999,22.525,4.1,32.525,31.05,1.057126248611297
2.54,6.45,6.35,2,9.524999999999999,22.525,5.1,32.525,31.05,1.24016060993109
2.54,6.45,6.35,2,9.524999999999999,22.525,6.1,32.525,31.05,1.412825114482513
2.54,6.45,6.35,2,9.524999999999999,22.525,7.1,32.525,31.05,1.546569689167575
2.54,6.45,6.35,2,9.524999999999999,22.525,8.1,32.525,31.05,1.644645632340727
2.54,6.45,6.35,2,9.524999999999999,24.525,2.1,34.525,31.05,0.6004111799346238
2.54,6.45,6.35,2,9.524999999999999,24.525,3.1,34.525,31.05,0.8826394381423341
2.54,6.45,6.35,2,9.524999999999999,24.525,4.1,34.525,31.05,1.100341726944007
2.54,6.45,6.35,2,9.524999999999999,24.525,5.1,34.525,31.05,1.291930493105301
2.54,6.45,6.35,2,9.524999999999999,24.525,6.1,34.525,31.05,1.477694888541129
2.54,6.45,6.35,2,9.524999999999999,24.525,7.1,34.525,31.05,1.627940690023295
2.54,6.45,6.35,2,9.524999999999999,24.525,8.1,34.525,31.05,1.731847445268191
2.54,6.45,6.35,2,9.524999999999999,26.525,2.1,36.525,31.05,0.6259144153122548
2.54,6.45,6.35,2,9.524999999999999,26.525,3.1,36.525,31.05,0.9030632391249004
2.54,6.45,6.35,2,9.524999999999999,26.525,4.1,36.525,31.05,1.134943553698346
2.54,6.45,6.35,2,9.524999999999999,26.525,5.1,36.525,31.05,1.361156332424452
2.54,6.45,6.35,2,9.524999999999999,26.525,6.1,36.525,31.05,1.536001800649294
2.54,6.45,6.35,2,9.524999999999999,26.525,7.1,36.525,31.05,1.702206776172459
2.54,6.45,6.35,2,9.524999999999999,26.525,8.1,36.525,31.05,1.821791083526503
2.54,6.45,6.35,2,9.524999999999999,28.525,2.1,38.525,31.05,0.6444125864540974
2.54,6.45,6.35,2,9.524999999999999,28.525,3.1,38.525,31.05,0.9074735616093815
2.54,6.45,6.35,2,9.524999999999999,28.525,4.1,38.525,31.05,1.160956170674256
2.54,6.45,6.35,2,9.524999999999999,28.525,5.1,38.525,31.05,1.390546637070342
2.54,6.45,6.35,2,9.524999999999999,28.525,6.1,38.525,31.05,1.579283695484855
2.54,6.45,6.35,2,9.524999999999999,28.525,7.1,38.525,31.05,1.7469634665386
2.54,6.45,6.35,2,9.524999999999999,28.525,8.1,38.525,31.05,1.865079904712705
2.54,6.45,6.35,2,9.524999999999999,30.525,2.1,40.525,31.05,0.6408027008131125
2.54,6.45,6.35,2,9.524999999999999,30.525,3.1,40.525,31.05,0.9371584003705711
2.54,6.45,6.35,2,9.524999999999999,30.525,4.1,40.525,31.05,1.19523527992078
2.54,6.45,6.35,2,9.524999999999999,30.525,5.1,40.525,31.05,1.434010384090485
2.54,6.45,6.35,2,9.524999999999999,30.525,6.1,40.525,31.05,1.614068559412983
2.54,6.45,6.35,2,9.524999999999999,30.525,7.1,40.525,31.05,1.806767106368247
2.54,6.45,6.35,2,9.524999999999999,30.525,8.1,40.525,31.05,1.921454275315775
2.54,6.45,6.35,3,9.524999999999999,10.525,3.1,20.525,37.05,0.1552261043008587
2.54,6.45,6.35,3,9.524999999999999,10.525,4.1,20.525,37.05,0.1912440247048062
2.54,6.45,6.35,3,9.524999999999999,10.525,5.1,20.525,37.05,0.2001721698766309
2.54,6.45,6.35,3,9.524999999999999,10.525,6.1,20.525,37.05,0.2353186855765359
2.54,6.45,6.35,3,9.524999999999999,10.525,7.1,20.525,37.05,0.2575204779586781
2.54,6.45,6.35,3,9.524999999999999,10.525,8.1,20.525,37.05,0.2739253277348102
2.54,6.45,6.35,3,9.524999999999999,10.525,9.1,20.525,37.05,0.2909610310617789
2.54,6.45,6.35,3,9.524999999999999,12.525,3.1,22.525,37.05,0.3583368879598102
2.54,6.45,6.35,3,9.524999999999999,12.525,4.1,22.525,37.05,0.4571469272388801
2.54,6.45,6.35,3,9.524999999999999,12.525,5.1,22.525,37.05,0.5486839735953137
2.54,6.45,6.35,3,9.524999999999999,12.525,6.1,22.525,37.05,0.6167267139266156
2.54,6.45,6.35,3,9.524999999999999,12.525,7.1,22.525,37.05,0.6730008525799567
2.54,6.45,6.35,3,9.524999999999999,12.525,8.1,22.525,37.05,0.7202560068067566
2.54,6.45,6.35,3,9.524999999999999,12.525,9.1,22.525,37.05,0.7339154498395432
2.54,6.45,6.35,3,9.524999999999999,14.525,3.1,24.525,37.05,0.5160128740557829
2.54,6.45,6.35,3,9.524999999999999,14.525,4.1,24.525,37.05,0.6622654081822188
2.54,6.45,6.35,3,9.524999999999999,14.525,5.1,24.525,37.05,0.7861215014019881
2.54,6.45,6.35,3,9.524999999999999,14.525,6.1,24.525,37.05,0.8960300122575877
2.54,6.45,6.35,3,9.524999999999999,14.525,7.1,24.525,37.05,0.9774219179905332
2.54,6.45,6.35,3,9.524999999999999,14.525,8.1,24.525,37.05,1.045144384017584
2.54,6.45,6.35,3,9.524999999999999,14.525,9.1,24.525,37.05,1.09195137193223
2.54,6.45,6.35,3,9.524999999999999,16.525,3.1,26.525,37.05,0.638821680914365
2.54,6.45,6.35,3,9.524999999999999,16.525,4.1,26.525,37.05,0.8105778385892684
2.54,6.45,6.35,3,9.524999999999999,16.525,5.1,26.525,37.05,0.9739064289245868
2.54,6.45,6.35,3,9.524999999999999,16.525,6.1,26.525,37.05,1.084955008669619
2.54,6.45,6.35,3,9.524999999999999,16.525,7.1,26.525,37.05,1.201937965736284
2.54,6.45,6.35,3,9.524999999999999,16.525,8.1,26.525,37.05,1.293339130707168
2.54,6.45,6.35,3,9.524999999999999,16.525,9.1,26.525,37.05,1.332685250948884
2.54,6.45,6.35,3,9.524999999999999,18.525,3.1,28.525,37.05,0.7202150050268251
2.54,6.45,6.35,3,9.524999999999999,18.525,4.1,28.525,37.05,0.9163811354064533
2.54,6.45,6.35,3,9.524999999999999,18.525,5.1,28.525,37.05,1.103033968720944
2.54,6.45,6.35,3,9.524999999999999,18.525,6.1,28.525,37.05,1.251718894382545
2.54,6.45,6.35,3,9.524999999999999,18.525,7.1,28.525,37.05,1.378423824336198
2.54,6.45,6.35,3,9.524999999999999,18.525,8.1,28.525,37.05,1.493174993503796
2.54,6.45,6.35,3,9.524999999999999,18.525,9.1,28.525,37.05,1.567481359644523
2.54,6.45,6.35,3,9.524999999999999,20.525,3.1,30.525,37.05,0.7829848137567055
2.54,6.45,6.35,3,9.524999999999999,20.525,4.1,30.525,37.05,1.007489132668026
2.54,6.45,6.35,3,9.524999999999999,20.525,5.1,30.525,37.05,1.204412883597414
2.54,6.45,6.35,3,9.524999999999999,20.525,6.1,30.525,37.05,1.379542601326145
2.54,6.45,6.35,3,9.524999999999999,20.525,7.1,30.525,37.05,1.522883600930034
2.54,6.45,6.35,3,9.524999999999999,20.525,8.1,30.525,37.05,1.632050852342066
2.54,6.45,6.35,3,9.524999999999999,20.525,9.1,30.525,37.05,1.738039326274662
2.54,6.45,6.35,3,9.524999999999999,22.525,3.1,32.525,37.05,0.8432938919729156
2.54,6.45,6.35,3,9.524999999999999,22.525,4.1,32.525,37.05,1.086035582699633
2.54,6.45,6.35,3,9.524999999999999,22.525,5.1,32.525,37.05,1.295406290273534
2.54,6.45,6.35,3,9.524999999999999,22.525,6.1,32.525,37.05,1.480523841430519
2.54,6.45,6.35,3,9.524999999999999,22.525,7.1,32.525,37.05,1.644295839022752
2.54,6.45,6.35,3,9.524999999999999,22.525,8.1,32.525,37.05,1.775832063328612
2.54,6.45,6.35,3,9.524999999999999,22.525,9.1,32.525,37.05,1.868648926571295
2.54,6.45,6.35,3,9.524999999999999,24.525,3.1,34.525,37.05,0.8689663822438685
2.54,6.45,6.35,3,9.524999999999999,24.525,4.1,34.525,37.05,1.129952482142331
2.54,6.45,6.35,3,9.524999999999999,24.525,5.1,34.525,37.05,1.366032665454827
2.54,6.45,6.35,3,9.524999999999999,24.525,6.1,34.525,37.05,1.562249780808227
2.54,6.45,6.35,3,9.524999999999999,24.525,7.1,34.525,37.05,1.739543711077999
2.54,6.45,6.35,3,9.524999999999999,24.525,8.1,34.525,37.05,1.86764079286031
2.54,6.45,6.35,3,9.524999999999999,24.525,9.1,34.525,37.05,1.985643443527904
2.54,6.45,6.35,3,9.524999999999999,26.525,3.1,36.525,37.05,0.9146634193109475
2.54,6.45,6.35,3,9.524999999999999,26.525,4.1,36.525,37.05,1.181397760596082
2.54,6.45,6.35,3,9.524999999999999,26.525,5.1,36.525,37.05,1.410739594567899
2.54,6.45,6.35,3,9.524999999999999,26.525,6.1,36.525,37.05,1.630038438718434
2.54,6.45,6.35,3,9.524999999999999,26.525,7.1,36.525,37.05,1.814197206576251
2.54,6.45,6.35,3,9.524999999999999,26.525,8.1,36.525,37.05,1.968608691394717
2.54,6.45,6.35,3,9.524999999999999,26.525,9.1,36.525,37.05,2.076325709337588
2.54,6.45,6.35,3,9.524999999999999,28.525,3.1,38.525,37.05,0.9400509410391227
2.54,6.45,6.35,3,9.524999999999999,28.525,4.1,38.525,37.05,1.222292311395413
2.54,6.45,6.35,3,9.524999999999999,28.525,5.1,38.525,37.05,1.47232504581302
2.54,6.45,6.35,3,9.524999999999999,28.525,6.1,38.525,37.05,1.684148616380412
2.54,6.45,6.35,3,9.524999999999999,28.525,7.1,38.525,37.05,1.873439310509936
2.54,6.45,6.35,3,9.524999999999999,28.525,8.1,38.525,37.05,2.035281674350999
2.54,6.45,6.35,3,9.524999999999999,28.525,9.1,38.525,37.05,2.150653908074011
2.54,6.45,6.35,3,9.524999999999999,30.525,3.1,40.525,37.05,0.9777114356203052
2.54,6.45,6.35,3,9.524999999999999,30.525,4.1,40.525,37.05,1.259203850428923
2.54,6.45,6.35,3,9.524999999999999,30.525,5.1,40.525,37.05,1.503615319339746
2.54,6.45,6.35,3,9.524999999999999,30.525,6.1,40.525,37.05,1.727966566477484
2.54,6.45,6.35,3,9.524999999999999,30.525,7.1,40.525,37.05,1.921997410570524
2.54,6.45,6.35,3,9.524999999999999,30.525,8.1,40.525,37.05,2.064954541382329
2.54,6.45,6.35,3,9.524999999999999,30.525,9.1,40.525,37.05,2.211950466803926
2.54,6.45,6.35,4,9.524999999999999,10.525,4.1,20.525,43.05,0.1699626335182165
2.54,6.45,6.35,4,9.524999999999999,10.525,5.1,20.525,43.05,0.2136062676287697
2.54,6.45,6.35,4,9.524999999999999,10.525,6.1,20.525,43.05,0.2334912833680747
2.54,6.45,6.35,4,9.524999999999999,10.525,7.1,20.525,43.05,0.2544801008809419
2.54,6.45,6.35,4,9.524999999999999,10.525,8.1,20.525,43.05,0.2744001716709668
2.54,6.45,6.35,4,9.524999999999999,10.525,9.1,20.525,43.05,0.2744454146967858
2.54,6.45,6.35,4,9.524999999999999,10.525,10.1,20.525,43.05,0.2939910499399221
2.54,6.45,6.35,4,9.524999999999999,12.525,4.1,22.525,43.05,0.4468257427223686
2.54,6.45,6.35,4,9.524999999999999,12.525,5.1,22.525,43.05,0.5315686137784712
2.54,6.45,6.35,4,9.524999999999999,12.525,6.1,22.525,43.05,0.6045461556730544
2.54,6.45,6.35,4,9.524999999999999,12.525,7.1,22.525,43.05,0.6741544742232039
2.54,6.45,6.35,4,9.524999999999999,12.525,8.1,22.525,43.05,0.7195743189329091
2.54,6.45,6.35,4,9.524999999999999,12.525,9.1,22.525,43.05,0.7462549530813252
2.54,6.45,6.35,4,9.524999999999999,12.525,10.1,22.525,43.05,0.7870361946360316
2.54,6.45,6.35,4,9.524999999999999,14.525,4.1,24.525,43.05,0.6384775410961412
2.54,6.45,6.35,4,9.524999999999999,14.525,5.1,24.525,43.05,0.7788349980615315
2.54,6.45,6.35,4,9.524999999999999,14.525,6.1,24.525,43.05,0.8860256875342072
2.54,6.45,6.35,4,9.524999999999999,14.525,7.1,24.525,43.05,0.9819418075841335
2.54,6.45,6.35,4,9.524999999999999,14.525,8.1,24.525,43.05,1.056396383763425
2.54,6.45,6.35,4,9.524999999999999,14.525,9.1,24.525,43.05,1.114405326376128
2.54,6.45,6.35,4,9.524999999999999,14.525,10.1,24.525,43.05,1.160111984392428
2.54,6.45,6.35,4,9.524999999999999,16.525,4.1,26.525,43.05,0.7905810409335878
2.54,6.45,6.35,4,9.524999999999999,16.525,5.1,26.525,43.05,0.9508586198712016
2.54,6.45,6.35,4,9.524999999999999,16.525,6.1,26.525,43.05,1.100734735300304
2.54,6.45,6.35,4,9.524999999999999,16.525,7.1,26.525,43.05,1.218885022741744
2.54,6.45,6.35,4,9.524999999999999,16.525,8.1,26.525,43.05,1.315635146724883
2.54,6.45,6.35,4,9.524999999999999,16.525,9.1,26.525,43.05,1.400070384507827
2.54,6.45,6.35,4,9.524999999999999,16.525,10.1,26.525,43.05,1.456652542077255
2.54,6.45,6.35,4,9.524999999999999,18.525,4.1,28.525,43.05,0.9044341770823029
2.54,6.45,6.35,4,9.524999999999999,18.525,5.1,28.525,43.05,1.096168608697468
2.54,6.45,6.35,4,9.524999999999999,18.525,6.1,28.525,43.05,1.265336356338505
2.54,6.45,6.35,4,9.524999999999999,18.525,7.1,28.525,43.05,1.410163184672961
2.54,6.45,6.35,4,9.524999999999999,18.525,8.1,28.525,43.05,1.529560102570204
2.54,6.45,6.35,4,9.524999999999999,18.525,9.1,28.525,43.05,1.631076760631563
2.54,6.45,6.35,4,9.524999999999999,18.525,10.1,28.525,43.05,1.697926741333628
2.54,6.45,6.35,4,9.524999999999999,20.525,4.1,30.525,43.05,1.00097494203935
2.54,6.45,6.35,4,9.524999999999999,20.525,5.1,30.525,43.05,1.206826401027062
2.54,6.45,6.35,4,9.524999999999999,20.525,6.1,30.525,43.05,1.395951133306051
2.54,6.45,6.35,4,9.524999999999999,20.525,7.1,30.525,43.05,1.566256182849589
2.54,6.45,6.35,4,9.524999999999999,20.525,8.1,30.525,43.05,1.702690039315362
2.54,6.45,6.35,4,9.524999999999999,20.525,9.1,30.525,43.05,1.807026793293732
2.54,6.45,6.35,4,9.524999999999999,20.525,10.1,30.525,43.05,1.894681435306941
2.54,6.45,6.35,4,9.524999999999999,22.525,4.1,32.525,43.05,1.085864053848952
2.54,6.45,6.35,4,9.524999999999999,22.525,5.1,32.525,43.05,1.30617400375264
2.54,6.45,6.35,4,9.524999999999999,22.525,6.1,32.525,43.05,1.511175797493266
2.54,6.45,6.35,4,9.524999999999999,22.525,7.1,32.525,43.05,1.687187887403115
2.54,6.45,6.35,4,9.524999999999999,22.525,8.1,32.525,43.05,1.836883656269917
2.54,6.45,6.35,4,9.524999999999999,22.525,9.1,32.525,43.05,1.961007188187365
2.54,6.45,6.35,4,9.524999999999999,22.525,10.1,32.525,43.05,2.055261818272572
2.54,6.45,6.35,4,9.524999999999999,24.525,4.1,34.525,43.05,1.151666544224712
2.54,6.45,6.35,4,9.524999999999999,24.525,5.1,34.525,43.05,1.388254344564596
2.54,6.45,6.35,4,9.524999999999999,24.525,6.1,34.525,43.05,1.604023995036739
2.54,6.45,6.35,4,9.524999999999999,24.525,7.1,34.525,43.05,1.796570519236074
2.54,6.45,6.35,4,9.524999999999999,24.525,8.1,34.525,43.05,1.948103944623266
2.54,6.45,6.35,4,9.524999999999999,24.525,9.1,34.525,43.05,2.08177318527124
2.54,6.45,6.35,4,9.524999999999999,24.525,10.1,34.525,43.05,2.199063558044393
2.54,6.45,6.35,4,9.524999999999999,26.525,4.1,36.525,43.05,1.20037455547412
2.54,6.45,6.35,4,9.524999999999999,26.525,5.1,36.525,43.05,1.449142650371854
2.54,6.45,6.35,4,9.524999999999999,26.525,6.1,36.525,43.05,1.670539123990443
2.54,6.45,6.35,4,9.524999999999999,26.525,7.1,36.525,43.05,1.876838460222712
2.54,6.45,6.35,4,9.524999999999999,26.525,8.1,36.525,43.05,2.039594919899169
2.54,6.45,6.35,4,9.524999999999999,26.525,9.1,36.525,43.05,2.169781766399094
2.54,6.45,6.35,4,9.524999999999999,26.525,10.1,36.525,43.05,2.305741326745688
2.54,6.45,6.35,4,9.524999999999999,28.525,4.1,38.525,43.05,1.237295105667905
2.54,6.45,6.35,4,9.524999999999999,28.525,5.1,38.525,43.05,1.504300610181335
2.54,6.45,6.35,4,9.524999999999999,28.525,6.1,38.525,43.05,1.731246390310109
2.54,6.45,6.35,4,9.524999999999999,28.525,7.1,38.525,43.05,1.941217042091082
2.54,6.45,6.35,4,9.524999999999999,28.525,8.1,38.525,43.05,2.118682876982295
2.54,6.45,6.35,4,9.524999999999999,28.525,9.1,38.525,43.05,2.267510952944247
2.54,6.45,6.35,4,9.524999999999999,28.525,10.1,38.525,43.05,2.392653928373295
2.54,6.45,6.35,4,9.524999999999999,30.525,4.1,40.525,43.05,1.276817888274767
2.54,6.45,6.35,4,9.524999999999999,30.525,5.1,40.525,43.05,1.547639674835105
2.54,6.45,6.35,4,9.524999999999999,30.525,6.1,40.525,43.05,1.784259489895771
2.54,6.45,6.35,4,9.524999999999999,30.525,7.1,40.525,43.05,1.999165358016322
2.54,6.45,6.35,4,9.524999999999999,30.525,8.1,40.525,43.05,2.198233153064571
2.54,6.45,6.35,4,9.524999999999999,30.525,9.1,40.525,43.05,2.339949471083342
2.54,6.45,6.35,4,9.524999999999999,30.525,10.1,40.525,43.05,2.474183298645773
2.54,6.45,6.35,5,9.524999999999999,10.525,5.1,20.525,49.05,0.1907471872875307
2.54,6.45,6.35,5,9.524999999999999,10.525,6.1,20.525,49.05,0.2186219446774871
2.54,6.45,6.35,5,9.524999999999999,10.525,7.1,20.525,49.05,0.2559914149439256
2.54,6.45,6.35,5,9.524999999999999,10.525,8.1,20.525,49.05,0.2688277448626189
2.54,6.45,6.35,5,9.524999999999999,10.525,9.1,20.525,49.05,0.2952828034267366
2.54,6.45,6.35,5,9.524999999999999,10.525,10.1,20.525,49.05,0.2953741133998852
2.54,6.45,6.35,5,9.524999999999999,10.525,11.1,20.525,49.05,0.307633734286257
2.54,6.45,6.35,5,9.524999999999999,12.525,5.1,22.525,49.05,0.5084500417079285
2.54,6.45,6.35,5,9.524999999999999,12.525,6.1,22.525,49.05,0.5888602125379764
2.54,6.45,6.35,5,9.524999999999999,12.525,7.1,22.525,49.05,0.6609602351762081
2.54,6.45,6.35,5,9.524999999999999,12.525,8.1,22.525,49.05,0.7058331866625657
2.54,6.45,6.35,5,9.524999999999999,12.525,9.1,22.525,49.05,0.7572680380095551
2.54,6.45,6.35,5,9.524999999999999,12.525,10.1,22.525,49.05,0.7884481282457957
2.54,6.45,6.35,5,9.524999999999999,12.525,11.1,22.525,49.05,0.8088680169797259
2.54,6.45,6.35,5,9.524999999999999,14.525,5.1,24.525,49.05,0.7546631933927127
2.54,6.45,6.35,5,9.524999999999999,14.525,6.1,24.525,49.05,0.8605344520896927
2.54,6.45,6.35,5,9.524999999999999,14.525,7.1,24.525,49.05,0.9583093821431756
2.54,6.45,6.35,5,9.524999999999999,14.525,8.1,24.525,49.05,1.053069514475669
2.54,6.45,6.35,5,9.524999999999999,14.525,9.1,24.525,49.05,1.118820775950418
2.54,6.45,6.35,5,9.524999999999999,14.525,10.1,24.525,49.05,1.175433916886873
2.54,6.45,6.35,5,9.524999999999999,14.525,11.1,24.525,49.05,1.210960025054027
2.54,6.45,6.35,5,9.524999999999999,16.525,5.1,26.525,49.05,0.9422300451184444
2.54,6.45,6.35,5,9.524999999999999,16.525,6.1,26.525,49.05,1.089464020495757
2.54,6.45,6.35,5,9.524999999999999,16.525,7.1,26.525,49.05,1.220779262124236
2.54,6.45,6.35,5,9.524999999999999,16.525,8.1,26.525,49.05,1.32669857582399
2.54,6.45,6.35,5,9.524999999999999,16.525,9.1,26.525,49.05,1.427969988535683
2.54,6.45,6.35,5,9.524999999999999,16.525,10.1,26.525,49.05,1.491108100849805
2.54,6.45,6.35,5,9.524999999999999,16.525,11.1,26.525,49.05,1.541928904849202
2.54,6.45,6.35,5,9.524999999999999,18.525,5.1,28.525,49.05,1.090387189995334
2.54,6.45,6.35,5,9.524999999999999,18.525,6.1,28.525,49.05,1.262524556701687
2.54,6.45,6.35,5,9.524999999999999,18.525,7.1,28.525,49.05,1.427037293153519
2.54,6.45,6.35,5,9.524999999999999,18.525,8.1,28.525,49.05,1.563102228200777
2.54,6.45,6.35,5,9.524999999999999,18.525,9.1,28.525,49.05,1.664000206323533
2.54,6.45,6.35,5,9.524999999999999,18.525,10.1,28.525,49.05,1.745450316909119
2.54,6.45,6.35,5,9.524999999999999,18.525,11.1,28.525,49.05,1.810094664412571
2.54,6.45,6.35,5,9.524999999999999,20.525,5.1,30.525,49.05,1.206803123940095
2.54,6.45,6.35,5,9.524999999999999,20.525,6.1,30.525,49.05,1.406493484130852
2.54,6.45,6.35,5,9.524999999999999,20.525,7.1,30.525,49.05,1.577798982345896
2.54,6.45,6.35,5,9.524999999999999,20.525,8.1,30.525,49.05,1.737149136077208
2.54,6.45,6.35,5,9.524999999999999,20.525,9.1,30.525,49.05,1.863102626270403
2.54,6.45,6.35,5,9.524999999999999,20.525,10.1,30.525,49.05,1.956510431292291
2.54,6.45,6.35,5,9.524999999999999,20.525,11.1,30.525,49.05,2.046738686833616
2.54,6.45,6.35,5,9.524999999999999,22.525,5.1,32.525,49.05,1.293530537702473
2.54,6.45,6.35,5,9.524999999999999,22.525,6.1,32.525,49.05,1.528871395664734
2.54,6.45,6.35,5,9.524999999999999,22.525,7.1,32.525,49.05,1.715595573818276
2.54,6.45,6.35,5,9.524999999999999,22.525,8.1,32.525,49.05,1.891710499878347
2.54,6.45,6.35,5,9.524999999999999,22.525,9.1,32.525,49.05,2.023451740742101
2.54,6.45,6.35,5,9.524999999999999,22.525,10.1,32.525,49.05,2.132228048028899
2.54,6.45,6.35,5,9.524999999999999,22.525,11.1,32.525,49.05,2.230673521211342
2.54,6.45,6.35,5,9.524999999999999,24.525,5.1,34.525,49.05,1.386372323539471
2.54,6.45,6.35,5,9.524999999999999,24.525,6.1,34.525,49.05,1.614321182936193
2.54,6.45,6.35,5,9.524999999999999,24.525,7.1,34.525,49.05,1.832673058063131
2.54,6.45,6.35,5,9.524999999999999,24.525,8.1,34.525,49.05,2.011176430815606
2.54,6.45,6.35,5,9.524999999999999,24.525,9.1,34.525,49.05,2.156490101798278
2.54,6.45,6.35,5,9.524999999999999,24.525,10.1,34.525,49.05,2.295730141203791
2.54,6.45,6.35,5,9.524999999999999,24.525,11.1,34.525,49.05,2.375964316114454
2.54,6.45,6.35,5,9.524999999999999,26.525,5.1,36.525,49.05,1.463714105283188
2.54,6.45,6.35,5,9.524999999999999,26.525,6.1,36.525,49.05,1.699211916497707
2.54,6.45,6.35,5,9.524999999999999,26.525,7.1,36.525,49.05,1.916624500884783
2.54,6.45,6.35,5,9.524999999999999,26.525,8.1,36.525,49.05,2.114117391440816
2.54,6.45,6.35,5,9.524999999999999,26.525,9.1,36.525,49.05,2.273865421671489
2.54,6.45,6.35,5,9.524999999999999,26.525,10.1,36.525,49.05,2.396750242159441
2.54,6.45,6.35,5,9.524999999999999,26.525,11.1,36.525,49.05,2.500696180636476
2.54,6.45,6.35,5,9.524999999999999,28.525,5.1,38.525,49.05,1.507279636246875
2.54,6.45,6.35,5,9.524999999999999,28.525,6.1,38.525,49.05,1.765944856558063
2.54,6.45,6.35,5,9.524999999999999,28.525,7.1,38.525,49.05,1.997771417930256
2.54,6.45,6.35,5,9.524999999999999,28.525,8.1,38.525,49.05,2.194780825896468
2.54,6.45,6.35,5,9.524999999999999,28.525,9.1,38.525,49.05,2.3714854666515
2.54,6.45,6.35,5,9.524999999999999,28.525,10.1,38.525,49.05,2.508187114893328
2.54,6.45,6.35,5,9.524999999999999,28.525,11.1,38.525,49.05,2.617819165014652
2.54,6.45,6.35,5,9.524999999999999,30.525,5.1,40.525,49.05,1.564344689807532
2.54,6.45,6.35,5,9.524999999999999,30.525,6.1,40.525,49.05,1.82504488274041
2.54,6.45,6.35,5,9.524999999999999,30.525,7.1,40.525,49.05,2.068000151236781
2.54,6.45,6.35,5,9.524999999999999,30.525,8.1,40.525,49.05,2.27557505471625
2.54,6.45,6.35,5,9.524999999999999,30.525,9.1,40.525,49.05,2.442731223569551
2.54,6.45,6.35,5,9.524999999999999,30.525,10.1,40.525,49.05,2.603705308981085
2.54,6.45,6.35,5,9.524999999999999,30.525,11.1,40.525,49.05,2.721087376388353
2.54,6.45,6.35,6,9.524999999999999,10.525,6.1,20.525,55.05,0.2097113444507138
2.54,6.45,6.35,6,9.524999999999999,10.525,7.1,20.525,55.05,0.2350924739154374
2.54,6.45,6.35,6,9.524999999999999,10.525,8.1,20.525,55.05,0.2585388953820191
2.54,6.45,6.35,6,9.524999999999999,10.525,9.1,20.525,55.05,0.2781826358145298
2.54,6.45,6.35,6,9.524999999999999,10.525,10.1,20.525,55.05,0.2753888102805684
2.54,6.45,6.35,6,9.524999999999999,10.525,11.1,20.525,55.05,0.3018933744903639
2.54,6.45,6.35,6,9.524999999999999,10.525,12.1,20.525,55.05,0.3030933035842197
2.54,6.45,6.35,6,9.524999999999999,12.525,6.1,22.525,55.05,0.5633518066958183
2.54,6.45,6.35,6,9.524999999999999,12.525,7.1,22.525,55.05,0.631652957311576
2.54,6.45,6.35,6,9.524999999999999,12.525,8.1,22.525,55.05,0.6945365565602065
2.54,6.45,6.35,6,9.524999999999999,12.525,9.1,22.525,55.05,0.7434708346618359
2.54,6.45,6.35,6,9.524999999999999,12.525,10.1,22.525,55.05,0.7836167661016626
2.54,6.45,6.35,6,9.524999999999999,12.525,11.1,22.525,55.05,0.8058066312008964
2.54,6.45,6.35,6,9.524999999999999,12.525,12.1,22.525,55.05,0.8338161671137309
2.54,6.45,6.35,6,9.524999999999999,14.525,6.1,24.525,55.05,0.8422242481187597
2.54,6.45,6.35,6,9.524999999999999,14.525,7.1,24.525,55.05,0.9555605748988869
2.54,6.45,6.35,6,9.524999999999999,14.525,8.1,24.525,55.05,1.03531969088502
2.54,6.45,6.35,6,9.524999999999999,14.525,9.1,24.525,55.05,1.107663771801557
2.54,6.45,6.35,6,9.524999999999999,14.525,10.1,24.525,55.05,1.183752024790276
2.54,6.45,6.35,6,9.524999999999999,14.525,11.1,24.525,55.05,1.225844723215026
2.54,6.45,6.35,6,9.524999999999999,14.525,12.1,24.525,55.05,1.274195863697445
2.54,6.45,6.35,6,9.524999999999999,16.525,6.1,26.525,55.05,1.056582300302147
2.54,6.45,6.35,6,9.524999999999999,16.525,7.1,26.525,55.05,1.196776684123772
2.54,6.45,6.35,6,9.524999999999999,16.525,8.1,26.525,55.05,1.317273649152315
2.54,6.45,6.35,6,9.524999999999999,16.525,9.1,26.525,55.05,1.431063173863909
2.54,6.45,6.35,6,9.524999999999999,16.525,10.1,26.525,55.05,1.516111421333517
2.54,6.45,6.35,6,9.524999999999999,16.525,11.1,26.525,55.05,1.577859178786484
2.54,6.45,6.35,6,9.524999999999999,16.525,12.1,26.525,55.05,1.624213229582769
2.54,6.45,6.35,6,9.524999999999999,18.525,6.1,28.525,55.05,1.238434645629498
2.54,6.45,6.35,6,9.524999999999999,18.525,7.1,28.525,55.05,1.389116474813104
2.54,6.45,6.35,6,9.524999999999999,18.525,8.1,28.525,55.05,1.549143434074326
2.54,6.45,6.35,6,9.524999999999999,18.525,9.1,28.525,55.05,1.676409314998138
2.54,6.45,6.35,6,9.524999999999999,18.525,10.1,28.525,55.05,1.775408226369873
2.54,6.45,6.35,6,9.524999999999999,18.525,11.1,28.525,55.05,1.87146190719461
2.54,6.45,6.35,6,9.524999999999999,18.525,12.1,28.525,55.05,1.917672454978149
2.54,6.45,6.35,6,9.524999999999999,20.525,6.1,30.525,55.05,1.380195190361992
2.54,6.45,6.35,6,9.524999999999999,20.525,7.1,30.525,55.05,1.574562378955714
2.54,6.45,6.35,6,9.524999999999999,20.525,8.1,30.525,55.05,1.732883301831704
2.54,6.45,6.35,6,9.524999999999999,20.525,9.1,30.525,55.05,1.880371282473116
2.54,6.45,6.35,6,9.524999999999999,20.525,10.1,30.525,55.05,1.997702175864701
2.54,6.45,6.35,6,9.524999999999999,20.525,11.1,30.525,55.05,2.100188414663422
2.54,6.45,6.35,6,9.524999999999999,20.525,12.1,30.525,55.05,2.180835946820133
2.54,6.45,6.35,6,9.524999999999999,22.525,6.1,32.525,55.05,1.504936977678929
2.54,6.45,6.35,6,9.524999999999999,22.525,7.1,32.525,55.05,1.708817275913757
2.54,6.45,6.35,6,9.524999999999999,22.525,8.1,32.525,55.05,1.90073790031965
2.54,6.45,6.35,6,9.524999999999999,22.525,9.1,32.525,55.05,2.059343032268572
2.54,6.45,6.35,6,9.524999999999999,22.525,10.1,32.525,55.05,2.187780231672561
2.54,6.45,6.35,6,9.524999999999999,22.525,11.1,32.525,55.05,2.299725429640434
2.54,6.45,6.35,6,9.524999999999999,22.525,12.1,32.525,55.05,2.392967192730904
2.54,6.45,6.35,6,9.524999999999999,24.525,6.1,34.525,55.05,1.609355328894252
2.54,6.45,6.35,6,9.524999999999999,24.525,7.1,34.525,55.05,1.832494903829909
2.54,6.45,6.35,6,9.524999999999999,24.525,8.1,34.525,55.05,2.026056886089191
2.54,6.45,6.35,6,9.524999999999999,24.525,9.1,34.525,55.05,2.196247732371929
2.54,6.45,6.35,6,9.524999999999999,24.525,10.1,34.525,55.05,2.364836933819019
2.54,6.45,6.35,6,9.524999999999999,24.525,11.1,34.525,55.05,2.473642803166456
2.54,6.45,6.35,6,9.524999999999999,24.525,12.1,34.525,55.05,2.55845969202572
2.54,6.45,6.35,6,9.524999999999999,26.525,6.1,36.525,55.05,1.696716709349479
2.54,6.45,6.35,6,9.524999999999999,26.525,7.1,36.525,55.05,1.942350212092756
2.54,6.45,6.35,6,9.524999999999999,26.525,8.1,36.525,55.05,2.141373709966063
2.54,6.45,6.35,6,9.524999999999999,26.525,9.1,36.525,55.05,2.322287040103394
2.54,6.45,6.35,6,9.524999999999999,26.525,10.1,36.525,55.05,2.468943340508953
2.54,6.45,6.35,6,9.524999999999999,26.525,11.1,36.525,55.05,2.601089414586931
2.54,6.45,6.35,6,9.524999999999999,26.525,12.1,36.525,55.05,2.700895914821375
2.54,6.45,6.35,6,9.524999999999999,28.525,6.1,38.525,55.05,1.776482428445865
2.54,6.45,6.35,6,9.524999999999999,28.525,7.1,38.525,55.05,2.009152490439602
2.54,6.45,6.35,6,9.524999999999999,28.525,8.1,38.525,55.05,2.23079259929119
2.54,6.45,6.35,6,9.524999999999999,28.525,9.1,38.525,55.05,2.422819292618913
2.54,6.45,6.35,6,9.524999999999999,28.525,10.1,38.525,55.05,2.589226862703344
2.54,6.45,6.35,6,9.524999999999999,28.525,11.1,38.525,55.05,2.718548868161277
2.54,6.45,6.35,6,9.524999999999999,28.525,12.1,38.525,55.05,2.830966092852518
2.54,6.45,6.35,6,9.524999999999999,30.525,6.1,40.525,55.05,1.82790764682303
2.54,6.45,6.35,6,9.524999999999999,30.525,7.1,40.525,55.05,2.09622247605333
2.54,6.45,6.35,6,9.524999999999999,30.525,8.1,40.525,55.05,2.316778348382389
2.54,6.45,6.35,6,9.524999999999999,30.525,9.1,40.525,55.05,2.51772049479014
2.54,6.45,6.35,6,9.524999999999999,30.525,10.1,40.525,55.05,2.691115912368404
2.54,6.45,6.35,6,9.524999999999999,30.525,11.1,40.525,55.05,2.826879721743151
2.54,6.45,6.35,6,9.524999999999999,30.525,12.1,40.525,55.05,2.9414893440652
